Position,Company,Location,URL
딥러닝 AI 개발 연구원의 전체 세부 정보, 베이리스, 성남 수정구, https://kr.indeed.com/rc/clk?jk=87309d3ff40ead61&fccid=ce871e9e4a9f430a&vjs=3
2023년 DIgital Lab 전문계약직 상시의 전체 세부 정보, GS칼텍스, 서울 강남구, https://kr.indeed.com/rc/clk?jk=2e45e43017a6ea1f&fccid=f152288f3dcf6e51&vjs=3
[데브시스터즈] Data Analyst의 전체 세부 정보, 데브시스터즈, 서울 강남구, https://kr.indeed.com/rc/clk?jk=6b53335986238646&fccid=58a9a803698a0afd&vjs=3
Business Intelligence Analyst  Seoul  Korea의 전체 세부 정보, Tesla, 서울 강남구, https://kr.indeed.com/rc/clk?jk=4b3dfd13c88992b8&fccid=86e9be6ce380173e&vjs=3
백엔드 개발자(인턴십)의 전체 세부 정보, 액스, 서울 서초구, https://kr.indeed.com/rc/clk?jk=b7223c792bfcbcd4&fccid=5013eca338141e7d&vjs=3
ARM/RISC 기반 서버/클라우드 System S/W 전문가의 전체 세부 정보, 에스케이텔레콤, 성남 분당구, https://kr.indeed.com/rc/clk?jk=9d89df3353db8c46&fccid=ce2f0f28b40a5be8&vjs=3
Student Researcher  2023의 전체 세부 정보, Google, 서울, https://kr.indeed.com/rc/clk?jk=f438fdb09a101e51&fccid=a5b4499d9e91a5c6&vjs=3
데이터분석 및 모델링 담당자의 전체 세부 정보, 부동산일일사, 서울 서초구, https://kr.indeed.com/rc/clk?jk=73bf711a001207f8&fccid=6aefef11451c23ac&vjs=3
백엔드 엔지니어 (Python) 정규직의 전체 세부 정보, 데이터비, 서울 마포구, https://kr.indeed.com/rc/clk?jk=79d696388d32d3ff&fccid=dd6f5fd8e8c02e7e&vjs=3
Back end Developer (Python)의 전체 세부 정보, 인라이플, 서울 구로구, https://kr.indeed.com/rc/clk?jk=b4085ccbdf4d5de9&fccid=25a5f8f961de7852&vjs=3
Deep Learning Engineer의 전체 세부 정보, 플라잎, 성남 분당구, https://kr.indeed.com/rc/clk?jk=f9097c360999f515&fccid=84dacc2dd7eb12bf&vjs=3
서버 엔지니어 (Python)의 전체 세부 정보, 페이히어, 서울 강남구, https://kr.indeed.com/rc/clk?jk=0908641d333d7155&fccid=254f50a1adb01cad&vjs=3
Operations & Analytics Manager의 전체 세부 정보, Uber, 서울, https://kr.indeed.com/rc/clk?jk=f499d680c684b39c&fccid=f766f8bfbc3effb7&vjs=3
2023년 (주)하람아이 AI팀의 전체 세부 정보, 하람아이, 성남 수정구, https://kr.indeed.com/rc/clk?jk=f1a40936df480707&fccid=5d0ea4093a1ed598&vjs=3
슈어소프트테크 2023년 하반기 연계형 인턴의 전체 세부 정보, 슈어소프트테크, 성남 수정구, https://kr.indeed.com/rc/clk?jk=a0de2e77342d7cdf&fccid=e1a5234e5ccea778&vjs=3
파이썬(python) 백엔드 개발자의 전체 세부 정보, 아토머스, 서울 강남구, https://kr.indeed.com/rc/clk?jk=7e8499c0e2fe4afb&fccid=660bbb21789ab63d&vjs=3
자율 주행  로봇 SW 개발자의 전체 세부 정보, 에바, 성남 수정구, https://kr.indeed.com/rc/clk?jk=e30fe92d72ceb17c&fccid=5cc87f5890bd7170&vjs=3
파이썬(python) 백엔드 개발자(전문연구요원)의 전체 세부 정보, 아토머스, 서울 강남구, https://kr.indeed.com/rc/clk?jk=c3ea7ef913ec52d2&fccid=660bbb21789ab63d&vjs=3
Associate Consultant  Launch Graduate Program 2024 - Korea의 전체 세부 정보, Mastercard, 서울, https://kr.indeed.com/rc/clk?jk=603a4d1a93de4711&fccid=10b5c722d846df43&vjs=3
Python 개발(경력)자의 전체 세부 정보, 씨알에스큐브, 서울 마포구, https://kr.indeed.com/rc/clk?jk=94894d503cffe5b2&fccid=81da37d4fdd9599d&vjs=3
Computer Vision Engineer의 전체 세부 정보, 플라잎, 성남 분당구, https://kr.indeed.com/rc/clk?jk=de2766eb246f9cd7&fccid=84dacc2dd7eb12bf&vjs=3
CDP 프로젝트 매니저 (과장급)의 전체 세부 정보, 라이나생명보험, 서울 종로구, https://kr.indeed.com/rc/clk?jk=18ced06abddf6bf5&fccid=ecbbeac4938b074a&vjs=3
[데브시스터즈] Data Platform Software Engineer (Senior/Junior)의 전체 세부 정보, 데브시스터즈, 서울 강남구, https://kr.indeed.com/rc/clk?jk=d832eb50f24e4587&fccid=58a9a803698a0afd&vjs=3
Wi-Fi 소프트웨어 엔지니어 (신입/경력)의 전체 세부 정보, 인피니언코리아, 성남 분당구, https://kr.indeed.com/rc/clk?jk=acf2807bdb4705cb&fccid=50debe8434cd12fc&vjs=3
Robot Control Engineer의 전체 세부 정보, 플라잎, 성남 분당구, https://kr.indeed.com/rc/clk?jk=c9da20959bccda28&fccid=84dacc2dd7eb12bf&vjs=3
개발자 - Python 서버 프로그램 개발의 전체 세부 정보, 바인테크, 서울 송파구, https://kr.indeed.com/rc/clk?jk=4cc15c26097421c5&fccid=aef44811e748bebe&vjs=3
[데브시스터즈] DevOps Engineer (신입)의 전체 세부 정보, 데브시스터즈, 서울 강남구, https://kr.indeed.com/rc/clk?jk=3058f7280a2e6644&fccid=58a9a803698a0afd&vjs=3
[제약] 신약 분자설계 연구(선임/책임)의 전체 세부 정보, BOB네트웍스, 성남 분당구, https://kr.indeed.com/rc/clk?jk=14d5f070330861c8&fccid=6c389097acd73020&vjs=3
Senior Backend Engineer - Python의 전체 세부 정보, 트릿지, 서울 서초구, https://kr.indeed.com/rc/clk?jk=db2b98fdc9d687ce&fccid=3de9f8561145bb08&vjs=3
AI 연구 MLOps의 전체 세부 정보, 코그넷나인, 서울 서초구, https://kr.indeed.com/rc/clk?jk=36ae5f764253d121&fccid=015d2bad6d9df969&vjs=3
넷사랑컴퓨터 웹개발 팀원(신입/경력)의 전체 세부 정보, 넷사랑컴퓨터, 서울 광진구, https://kr.indeed.com/rc/clk?jk=9e7682ce0b1b27e9&fccid=5fcef582d67d4a84&vjs=3
ARM/RISC 기반 서버/클라우드 System S/W 전문가의 전체 세부 정보, 에스케이텔레콤, 성남 분당구, https://kr.indeed.com/rc/clk?jk=9d89df3353db8c46&fccid=ce2f0f28b40a5be8&vjs=3
클라우드 플랫폼 운영 엔지니어의 전체 세부 정보, NHN Enterprise, 성남 판교역, https://kr.indeed.com/rc/clk?jk=40e20a58af1e44ee&fccid=cc378bd7bc831eca&vjs=3
Python 분석 인원 정규직 채용의 전체 세부 정보, (주)스마트모빌러티 관심기업, 서울 휘경동, https://kr.indeed.com/rc/clk?jk=5e761f105a377ae8&fccid=307824036b9dcb17&vjs=3
Machine Learning R&D 연구원의 전체 세부 정보, 카이어, 서울 서초구, https://kr.indeed.com/rc/clk?jk=19da3484bd7a72f1&fccid=908ef26c4dd7595f&vjs=3
Back end Developer (Python)의 전체 세부 정보, 인라이플, 서울 구로구, https://kr.indeed.com/rc/clk?jk=b4085ccbdf4d5de9&fccid=25a5f8f961de7852&vjs=3
Digital Solution Area Specialists - Data & AI의 전체 세부 정보, Microsoft, 서울, https://kr.indeed.com/rc/clk?jk=f6a20cd62b276644&fccid=734cb5a01ee60f80&vjs=3
DNN 모델 개발 엔지니어의 전체 세부 정보, 딥엑스, 성남 분당구, https://kr.indeed.com/rc/clk?jk=303d8c644a5f2e0f&fccid=e34932b8232a173b&vjs=3
[선행기술원] 차량용 SoC 반도체 개발 (HW)[책임연구원]의 전체 세부 정보, 현대자동차그룹, 성남 판교역, https://kr.indeed.com/rc/clk?jk=1cc4130f92e101c8&fccid=980d6ecc399a3373&vjs=3
개발자 - Python 서버 프로그램 개발의 전체 세부 정보, 바인테크, 서울 송파구, https://kr.indeed.com/rc/clk?jk=4cc15c26097421c5&fccid=aef44811e748bebe&vjs=3
[국내메이플] 데이터 분석가의 전체 세부 정보, Nexon, 경기도 성남, https://kr.indeed.com/rc/clk?jk=0289be96032b0ad4&fccid=aba87288e4cc3687&vjs=3
Wi-Fi 소프트웨어 엔지니어 (신입/경력)의 전체 세부 정보, 인피니언코리아, 성남 분당구, https://kr.indeed.com/rc/clk?jk=acf2807bdb4705cb&fccid=50debe8434cd12fc&vjs=3
[알스퀘어] Python Backend Server Application 개발 경력직의 전체 세부 정보, 알스퀘어부동산중개법인, 서울 강남구, https://kr.indeed.com/rc/clk?jk=454b1c4b2997dece&fccid=ceaba15614996767&vjs=3
2023년 (주)메디씽큐 R&D 분야 정규직 신입/경력의 전체 세부 정보, 메디씽큐, 성남 분당구, https://kr.indeed.com/rc/clk?jk=cbdd90559e583679&fccid=a872981c5478e93c&vjs=3
영상처리  컴퓨터 비전 전문가 (신입/경력)의 전체 세부 정보, 에바, 성남 수정구, https://kr.indeed.com/rc/clk?jk=2642a83874ea6bab&fccid=5cc87f5890bd7170&vjs=3
데이터표준품질부문 신입  경력 (정규직)의 전체 세부 정보, 한국정보기술단, 서울 강남구, https://kr.indeed.com/rc/clk?jk=3de6963f8bea5273&fccid=99925e8e7b9604cc&vjs=3
Data Analyst(데이터 연구/분석)의 전체 세부 정보, 인라이플, 서울 구로구, https://kr.indeed.com/rc/clk?jk=e78ef22607116edb&fccid=25a5f8f961de7852&vjs=3
판교 연구소 필드 엔지니어(FAE/기술지원)의 전체 세부 정보, 마젠타로보틱스, 성남 분당구, https://kr.indeed.com/rc/clk?jk=df87d641ddfc4091&fccid=bd531d5a4d3825d6&vjs=3
OpenCV/MATLAB/TensorFlow/Python/C/C++/Linux 알고리즘 엔지니어의 전체 세부 정보, 더마미러, 서울 서초구, https://kr.indeed.com/rc/clk?jk=791781c0374976db&fccid=f401a9b533c97602&vjs=3
Python  JAVA 백엔드 개발자의 전체 세부 정보, 주식회사 소프트랩스 관심기업, 서울 가산동, https://kr.indeed.com/rc/clk?jk=2ee47aecf4367fb2&fccid=5d00ed32cfbf2240&vjs=3
영상처리  컴퓨터 비전 전문가 (신입/경력)의 전체 세부 정보, 에바, 성남 수정구, https://kr.indeed.com/rc/clk?jk=2642a83874ea6bab&fccid=5cc87f5890bd7170&vjs=3
Reinforcement Learning Engineer의 전체 세부 정보, 플라잎, 성남 분당구, https://kr.indeed.com/rc/clk?jk=a70a835b261a7940&fccid=84dacc2dd7eb12bf&vjs=3
[인텔리전스랩스] UX Researcher/UX 분석가 (경험 전략 기획)의 전체 세부 정보, Nexon, 경기도 성남, https://kr.indeed.com/rc/clk?jk=2d2579670601d342&fccid=aba87288e4cc3687&vjs=3
[올라핀테크] 핀테크 플랫폼 Python(파이썬) 개발자의 전체 세부 정보, 주식회사 올라핀테크 관심기업, 서울 논현동, https://kr.indeed.com/rc/clk?jk=83afc0063130f3f2&fccid=ee9199e84b45d22f&vjs=3
전문연구요원 (병역특례) 수시 (AI / SW 분야)의 전체 세부 정보, 딥엑스, 성남 분당구, https://kr.indeed.com/rc/clk?jk=d83fc0dd2641f483&fccid=e34932b8232a173b&vjs=3
[헤드헌팅 -대기업 계열사] 데이터 biz 분석 및 스토리 설계의 전체 세부 정보, 와이앤케이어소시에이트, 서울, https://kr.indeed.com/rc/clk?jk=100532dc351130db&fccid=af0eda318038c609&vjs=3
파이썬 백엔드 엔지니어(Python Backend Engineer)의 전체 세부 정보, Dunamu, 서울, https://kr.indeed.com/rc/clk?jk=272637ad170fe32c&fccid=54c9c086b03b7cdc&vjs=3
가상자산 리서치 및 평가업무의 전체 세부 정보, 블록투리얼, 서울 강남구, https://kr.indeed.com/rc/clk?jk=6fd71d498febb72f&fccid=a0245242cd542697&vjs=3
[TaaS] Data Scientist[연구원  책임연구원]의 전체 세부 정보, 현대자동차그룹, 서울 강남구, https://kr.indeed.com/rc/clk?jk=67b03ffab1c536ba&fccid=980d6ecc399a3373&vjs=3
Data Analyst의 전체 세부 정보, Riiid Labs, 서울, https://kr.indeed.com/rc/clk?jk=c500f565b80598db&fccid=933989f3b0ffe928&vjs=3
[TaaS] Data Scientist[연구원  책임연구원]의 전체 세부 정보, 현대자동차그룹, 서울 강남구, https://kr.indeed.com/rc/clk?jk=67b03ffab1c536ba&fccid=980d6ecc399a3373&vjs=3
2023년 (주)메디씽큐 R&D 분야 정규직 신입/경력의 전체 세부 정보, 메디씽큐, 성남 분당구, https://kr.indeed.com/rc/clk?jk=cbdd90559e583679&fccid=a872981c5478e93c&vjs=3
국내 대기업 계열사 - 마케팅 데이터분석 및 CRM 담당자의 전체 세부 정보, 라피플코리아리미티드, 서울, https://kr.indeed.com/rc/clk?jk=384938caaf89c494&fccid=28f5722fca6f5b12&vjs=3
교수학습개발원 원격교육센터 직원(프로젝트) (데이터 분석)의 전체 세부 정보, 고려대학교, 서울 성북구, https://kr.indeed.com/rc/clk?jk=25750ca175fba696&fccid=b123e79ad788cb9a&vjs=3
Medical Writer & Coordinator의 전체 세부 정보, 메디컬아이피, 서울 종로구, https://kr.indeed.com/rc/clk?jk=f3562403ca6ffa94&fccid=3f388f9e1eb62c94&vjs=3
(인천 송도) 인공지능(AI)분야 Python 개발 인력 구인의 전체 세부 정보, 주식회사 애나 관심기업, 인천 송도동, https://kr.indeed.com/rc/clk?jk=c0fb9320f68bb3e7&fccid=2f6f10515ebbc33c&vjs=3
Associate Consultant  Launch Graduate Program 2024 - Korea의 전체 세부 정보, Mastercard Transpay, 서울, https://kr.indeed.com/rc/clk?jk=f1a053ed48b429e4&fccid=031fcbd781d7a179&vjs=3
웹 프론트엔드 개발자 (서울 본사 근무)의 전체 세부 정보, 에스티로직, 서울 송파구, https://kr.indeed.com/rc/clk?jk=15472851d60384dc&fccid=61b61cbea1c8f0ab&vjs=3
네이버 파이낸셜 플랫폼 운영의 전체 세부 정보, 엔아이티서비스, 성남 분당구, https://kr.indeed.com/rc/clk?jk=08d0b474b6d9bfcd&fccid=d389f1042b660837&vjs=3
[NHN Enterprise] 클라우드 플랫폼 운영 엔지니어의 전체 세부 정보, 엔에이치엔엔터프라이즈, 성남 분당구, https://kr.indeed.com/rc/clk?jk=90a7214a62825dba&fccid=c6959d0e760ece96&vjs=3
경력 / [개발] 데이터 분석(Data Analysis)의 전체 세부 정보, 해줌, 서울 송파구, https://kr.indeed.com/rc/clk?jk=8e27fa5585bfecf5&fccid=a2f5dce9440e4adf&vjs=3
AI Scientist의 전체 세부 정보, 메디컬아이피, 서울 종로구, https://kr.indeed.com/rc/clk?jk=5a469068ce25d59d&fccid=3f388f9e1eb62c94&vjs=3
Data Scientist의 전체 세부 정보, Toss, 서울, https://kr.indeed.com/rc/clk?jk=9cb8324539546a71&fccid=18c4935c8ec646d5&vjs=3
C# 응용프로그램 개발자의 전체 세부 정보, 벡터시스, 용인 수지구, https://kr.indeed.com/rc/clk?jk=9a9f684dad6eec6b&fccid=53cbebce99ba2c6d&vjs=3
클라우드 플랫폼 운영 엔지니어의 전체 세부 정보, NHN Enterprise, 성남 판교역, https://kr.indeed.com/rc/clk?jk=40e20a58af1e44ee&fccid=cc378bd7bc831eca&vjs=3
Full-stack Python Developer , Lemon.io, Latin America Only/Europe Only/UK Only/Canada Only, https://weworkremotely.com/remote-jobs/lemon-io-full-stack-python-developer-2
Senior Open Source Developer & DevOps (Python  Django  React  AWS/OpenStack), OpenCraft, Anywhere in the World, https://weworkremotely.com/remote-jobs/opencraft-senior-open-source-developer-devops-python-django-react-aws-openstack
Python Testing Expert, CARU AG, Europe Only, https://weworkremotely.com/remote-jobs/caru-ag-python-testing-expert
Senior/Staff Software Engineer - Backend/Python - USA (100% Remote), Close, USA Only, https://weworkremotely.com/remote-jobs/close-senior-staff-software-engineer-backend-python-usa-100-remote
Senior Backend Python Engineer: Long-term job - 100% remote, Proxify AB, Latin America Only/Europe Only/EMEA Only, https://weworkremotely.com/remote-jobs/proxify-ab-senior-backend-python-engineer-long-term-job-100-remote
